"","Range","Prefix","Number","My Payout","Client","Payout","Limits"
"","Bolivia bmet whatsapp","","59174849791","Weekly€ 0.005","","","SD : 0 | SW : 0"
"","Bolivia bmet whatsapp","","59174821425","Weekly€ 0.005","","","SD : 0 | SW : 0"
"","Bolivia bmet whatsapp","","59174808464","Weekly€ 0.005","","","SD : 0 | SW : 0"
"","Bolivia bmet whatsapp","","59174858238","Weekly€ 0.005","","","SD : 0 | SW : 0"
"","Bolivia bmet whatsapp","","59174847201","Weekly€ 0.005","","","SD : 0 | SW : 0"
"","Bolivia bmet whatsapp","","59174807504","Weekly€ 0.005","","","SD : 0 | SW : 0"
"","Bolivia bmet whatsapp","","59174842495","Weekly€ 0.005","","","SD : 0 | SW : 0"
"","Bolivia bmet whatsapp","","59174841352","Weekly€ 0.005","","","SD : 0 | SW : 0"
"","Bolivia bmet whatsapp","","59174854319","Weekly€ 0.005","","","SD : 0 | SW : 0"
"","Bolivia bmet whatsapp","","59174819685","Weekly€ 0.005","","","SD : 0 | SW : 0"
"","Bolivia bmet whatsapp","","59174819405","Weekly€ 0.005","","","SD : 0 | SW : 0"
"","Bolivia bmet whatsapp","","59174869460","Weekly€ 0.005","","","SD : 0 | SW : 0"
"","Bolivia bmet whatsapp","","59174822886","Weekly€ 0.005","","","SD : 0 | SW : 0"
"","Bolivia bmet whatsapp","","59174858463","Weekly€ 0.005","","","SD : 0 | SW : 0"
"","Bolivia bmet whatsapp","","59174856166","Weekly€ 0.005","","","SD : 0 | SW : 0"
"","Bolivia bmet whatsapp","","59174866044","Weekly€ 0.005","","","SD : 0 | SW : 0"
"","Bolivia bmet whatsapp","","59174839866","Weekly€ 0.005","","","SD : 0 | SW : 0"
"","Bolivia bmet whatsapp","","59174835861","Weekly€ 0.005","","","SD : 0 | SW : 0"
"","Bolivia bmet whatsapp","","59174827780","Weekly€ 0.005","","","SD : 0 | SW : 0"
"","Bolivia bmet whatsapp","","59174844350","Weekly€ 0.005","","","SD : 0 | SW : 0"
"","Bolivia bmet whatsapp","","59174843051","Weekly€ 0.005","","","SD : 0 | SW : 0"
"","Bolivia bmet whatsapp","","59174840882","Weekly€ 0.005","","","SD : 0 | SW : 0"
"","Bolivia bmet whatsapp","","59174849787","Weekly€ 0.005","","","SD : 0 | SW : 0"
"","Bolivia bmet whatsapp","","59174853890","Weekly€ 0.005","","","SD : 0 | SW : 0"
"","Bolivia bmet whatsapp","","59174813166","Weekly€ 0.005","","","SD : 0 | SW : 0"